{"cameraMode":{"drawMode":0,"name":"Shaded","section":"Shading Mode"},"sceneLighting":true,"audioPlay":false,"sceneViewState":{"showFog":true,"showMaterialUpdate":false,"showSkybox":true,"showFlares":true,"showImageEffects":true,"showParticleSystems":true},"in2DMode":false,"pivot":{"x":1.5410852432250977,"y":0.9048347473144531,"z":-4.740419864654541},"rotation":{"x":-0.18911051750183106,"y":0.7804228067398071,"z":-0.28074631094932558,"w":-0.5256985425949097},"size":22.92197036743164,"orthographic":false}