{"cameraMode":{"drawMode":0,"name":"Shaded","section":"Shading Mode"},"sceneLighting":true,"audioPlay":false,"sceneViewState":{"showFog":true,"showMaterialUpdate":true,"showSkybox":true,"showFlares":true,"showImageEffects":true,"showParticleSystems":true},"in2DMode":false,"pivot":{"x":16.10810089111328,"y":-21.168426513671876,"z":-0.720428466796875},"rotation":{"x":0.08872541785240174,"y":-0.9110008478164673,"z":0.2728467881679535,"w":0.2962428629398346},"size":522.2942504882813,"orthographic":false}