{"cameraMode":{"drawMode":0,"name":"Shaded","section":"Shading Mode"},"sceneLighting":true,"audioPlay":false,"sceneViewState":{"showFog":true,"showMaterialUpdate":true,"showSkybox":true,"showFlares":true,"showImageEffects":true,"showParticleSystems":true},"in2DMode":false,"pivot":{"x":31.18244743347168,"y":0.0,"z":-19.672283172607423},"rotation":{"x":0.024148311465978624,"y":-0.8018507957458496,"z":0.5961527228355408,"w":0.03246881440281868},"size":170.74093627929688,"orthographic":false}